Stock,Belongs,Number of Trades in 4 years,Profit,Profit %,Profit Factor,BUY,SELL,CLOSE BUY,CLOSE SELL,Last Close
A,.SPX,10,-375.86,0,0,,,,,
AAL,.SPX,12,722.4,41.667,2.55,,,,,
AAP,.SPX,14,-194.13,14.286,0.457,,,,,
AAPL,.DJI.SPX.NDX,12,7.262,50,1.049,26/09,,,,176.08
ABBV,.SPX,10,311.94,60,5.412,,30/09,,12/10,149.34
ABC,.SPX,12,-363.33,8.333,0.046,,,,,
ABNB,.NDX,8,375.94,62.5,4.489,13/09,,21/09,30/08,138.01
ABT,.SPX,11,-21.45,45.455,0.855,,,,,
ACN,.SPX,11,122.22,36.364,1.491,03/11,04/01,05/12,11/01,347.97
ADBE,.SPX.NDX,11,75.55,36.364,1.313,,13/09,,,542.21
ADI,.SPX.NDX,13,65.52,46.154,1.317,,03/01,,18/01,189.97
ADM,.SPX,11,-208.76,18.182,0.361,,,,,
ADP,.SPX.NDX,14,-89.93,35.714,0.644,,,,,
ADSK,.SPX.NDX,12,37.58,25,1.139,02/11,23/11,,,202.66
AEE,.SPX,7,-129.04,0,0,,,,,
AEP,.SPX.NDX,6,27.46,16.667,1.646,,11/01,,,80.4
AES,.SPX,13,-64.44,23.077,0.797,,,,,
AFL,.SPX,11,-167.76,27.273,0.305,,,,,
AIG,.SPX,11,72.75,36.364,1.402,,10/01,,19/01,68.83
AIZ,.SPX,10,262.76,60,5.689,,21/10,,,145.98
AJG,.SPX,8,-51.32,25,0.589,,,,,
AKAM,.SPX,6,-46.02,33.333,0.598,,,,,
ALB,.SPX,13,-134.99,46.154,0.744,,,,,
ALGN,.SPX.NDX,12,-839.32,16.667,0.04,,,,,
ALK,.SPX,12,282.81,50,2.731,,04/12,04/12,30/08,34.08
ALL,.SPX,10,284.73,50,4.017,,,03/08,15/11,131.65
ALLE,.SPX,11,-220.76,27.273,0.294,,,,,
AMAT,.SPX.NDX,10,-142.62,20,0.376,,,,,
AMCR,.SPX,10,-125.19,30,0.426,,,,,
AMD,.SPX.NDX,12,-168.6,41.667,0.364,,,,,
AME,.SPX,15,-228.08,6.667,0.152,,,,,
AMGN,.DJI.SPX.NDX,8,111.8,50,2.006,,03/08,,03/11,266.59
AMP,.SPX,9,438.41,44.444,4.829,,,29/11,,345.54
AMT,.SPX,11,90.23,36.364,1.616,,,19/10,,162.78
AMZN,.SPX.NDX,13,-129.461,30.769,0.61,,,,,
ANET,.SPX,16,393.195,50,2.532,,25/08,,,179.19
ANSS,.SPX.NDX,15,-111.53,26.667,0.737,,,,,
AON,.SPX,20,287.44,50,2.171,19/08,22/11,06/09,10/10,325.93
AOS,.SPX,13,-44.37,38.462,0.855,,,,,
APA,.SPX,10,268.66,50,1.83,,,,,
APD,.SPX,13,100.24,38.462,1.703,,04/08,08/11,15/08,254.46
APH,.SPX,11,-368.48,9.091,0.003,,,,,
APTV,.SPX,9,-285.14,22.222,0.201,,,,,
ARE,.SPX,13,-5.03,38.462,0.964,,,,,
ASML,.NDX,8,16.83,50,1.153,,03/01,,18/01,744.53
ATO,.SPX,6,-58.58,33.333,0.431,,,,,
ATVI,.SPX.NDX,7,-199.7,0,0,,,,,
AVB,.SPX,15,-176.38,26.667,0.503,,,,,
AVGO,.SPX.NDX,18,118.83,27.778,1.51,,04/01,,11/01,1099.98
AVY,.SPX,5,84.47,40,2.521,,,,,
AWK,.SPX,9,346.77,55.556,5.359,,,,,
AXON,.SPX,15,270.59,26.667,2.043,10/08,,18/08,,195.39
AXP,.DJI.SPX,12,-226.5,33.333,0.345,,,,,
AZN,.NDX,7,-130.25,14.286,0.021,,,,,
AZO,.SPX,11,-77.53,9.091,0.374,,,,,
BA,.DJI.SPX,9,578.77,44.444,6.458,,,12/12,,248.63
BAC,.SPX,16,530.72,43.75,3.564,02/11,04/08,28/11,08/08,29.56
BAX,.SPX,7,-16.66,28.571,0.857,,,,,
BBWI,.SPX,14,-153.193,35.714,0.661,,,,,
BBY,.SPX,14,173.07,42.857,1.741,15/11,,12/12,,73.21
BDX,.SPX,11,240.237,45.455,3.455,04/11,03/08,,09/08,258.91
BEN,.SPX,9,103.29,44.444,1.469,31/08,,06/09,,26.13
BG,,7,5.51,14.286,1.038,18/10,05/12,21/10,19/12,105.27
BIIB,.SPX.NDX,6,43.22,50,1.69,04/11,,,,249.5
BIO,.SPX,11,-51.98,27.273,0.771,,,,,
BK,.SPX,11,72.91,45.455,1.541,,,13/10,,41.25
BKNG,.SPX.NDX,18,8.22,11.111,1.07,07/11,23/08,25/11,31/08,3115.59
BKR,.SPX.NDX,13,-151.89,30.769,0.602,,,,,
BLK,.SPX,16,417.95,37.5,2.915,,,05/12,,754.3
BMY,.SPX,9,-128.61,11.111,0.473,,,,,
BR,.SPX,15,220.57,53.333,1.795,03/11,05/01,,10/01,201.97
BRO,.SPX,10,-144.54,20,0.209,,,,,
BSX,.SPX,13,-34.76,23.077,0.855,,,,,
BWA,.SPX,10,-245.634,10,0.282,,,,,
BXP,.SPX,11,0.61,9.091,1.002,15/11,,20/10,,56.69
C,.SPX,12,279.37,41.667,2.328,03/11,,29/11,,44.86
CAG,.SPX,15,102.58,46.667,1.611,11/10,19/12,01/08,02/01,29.53
CAH,.SPX,13,191.58,30.769,2.184,29/08,,,,89.74
CARR,.SPX,11,-282.89,9.091,0.04,,,,,
CAT,.DJI.SPX,17,-38.41,23.529,0.91,,,,,
CB,.SPX,6,-111.15,33.333,0.404,,,,,
CBOE,.SPX,13,-25.3,38.462,0.888,,,,,
CBRE,.SPX,14,53.59,42.857,1.215,,05/01,,,87.05
CCI,.SPX,9,61.58,44.444,1.377,11/10,,19/10,,90.93
CCL,.SPX,11,521.26,45.455,3.666,,,,,
CDAY,.SPX,16,-527.25,25,0.15,,,,,
CDNS,.SPX.NDX,13,52.68,38.462,1.25,24/08,29/12,09/09,10/01,263.26
CDW,.SPX,12,-34.26,33.333,0.847,,,,,
CE,.SPX,10,-101.19,30,0.579,,,,,
CEG,.NDX,2,-75.66,0,0,,,,,
CF,.SPX,16,-309.75,31.25,0.221,,,,,
CFG,.SPX,11,248.28,54.545,3.03,04/11,03/08,28/11,30/08,26.4
CHD,.SPX,9,38.93,33.333,1.445,18/10,,30/10,,90.11
CHRW,.SPX,10,-176.59,40,0.215,,,,,
CHTR,.SPX.NDX,11,-215.2,9.091,0.009,,,,,
CI,.SPX,8,-150.1,12.5,0.146,,,,,
CINF,.SPX,10,-191.32,10,0.075,,,,,
CL,.SPX,13,-5.62,23.077,0.964,,,,,
CLX,.SPX,11,200.61,45.455,3.113,07/11,,29/11,,142.34
CMA,.SPX,9,-224.11,33.333,0.271,,,,,
CMCSA,.SPX.NDX,9,187.86,55.556,3.621,11/10,,20/10,,43.07
CME,.SPX,8,69.59,37.5,2.186,,20/10,,,214.12
CMG,.SPX,10,377.26,50,2.385,,,,,
CMI,.SPX,11,239.51,45.455,2.412,04/11,05/08,,30/08,225.88
CMS,.SPX,10,-77.61,30,0.493,,,,,
CNC,.SPX,11,44.63,36.364,1.203,,,,07/11,71.84
CNP,.SPX,11,-157.72,18.182,0.366,,,,,
COF,.SPX,9,-241.15,0,0,,,,,
COO,.SPX,12,-78.58,33.333,0.669,,,,,
COP,.SPX,12,-24.57,33.333,0.928,,,,,
COST,.SPX.NDX,13,42.37,30.769,1.254,,21/10,,31/10,554.88
CPB,.SPX,11,81.88,63.636,2.456,17/10,18/12,20/09,02/01,44.74
CPRT,.SPX.NDX,8,-151.545,12.5,0.129,,,,,
CRL,.SPX,10,-475.23,10,0,,,,,
CRM,.DJI.SPX,13,139.17,38.462,1.479,10/10,,14/10,,204.59
CRWD,.NDX,12,60.17,25,1.145,,22/09,,02/11,178.35
CSCO,.DJI.SPX.NDX,11,72.81,54.545,1.624,04/11,01/08,,04/08,53.01
CSGP,.NDX,10,-202.768,40,0.233,,,,,
CSX,.SPX.NDX,10,31.636,20,1.129,,,,,
CTAS,.SPX.NDX,10,1.29,40,1.013,,04/01,,13/01,593
CTLT,.SPX,8,-444.85,12.5,0.141,,,,,
CTRA,.SPX,8,208.93,37.5,1.8,,,,,
CTSH,.SPX.NDX,9,-99.25,33.333,0.495,,,,,
CTVA,.SPX,9,7.38,44.444,1.075,03/11,,,,49.56
CVS,.SPX,9,22.43,44.444,1.168,,,,12/08,74.87
CVX,.DJI.SPX,9,408.84,44.444,4.472,,04/10,,10/10,166.72
CZR,.SPX,18,216.9,16.667,1.297,,,,31/08,53.92
D,.SPX,7,58.15,42.857,1.871,,28/07,,,
DAL,.SPX,14,435.78,35.714,2.006,,,05/12,,37.61
DD,.SPX,9,-6.54,33.333,0.962,,,,,
DDOG,.NDX,11,-401.74,18.182,0.076,,,,,
DE,.SPX,8,-54.24,25,0.71,,,,,
DFS,.SPX,12,-390.17,16.667,0.065,,,,,
DG,.SPX,9,-224.19,0,0,,,,,
DGX,.SPX,15,443.86,60,3.937,,27/07,,,
DHI,.SPX,16,-472.08,18.75,0.198,,,,,
DHR,.SPX,5,-228.23,0,0,,,,,
DIS,.DJI.SPX,13,63.76,30.769,1.262,13/01,,17/01,,90.34
DLR,.SPX,13,35.26,46.154,1.179,11/10,,19/10,,120.56
DLTR,.SPX.NDX,12,207.04,50,2.04,,,,,
DOV,.SPX,14,62.52,42.857,1.417,07/11,,08/11,,130.47
DOW,.DJI.SPX,13,-325.49,15.385,0.165,,,,,
DPZ,.SPX,5,-216.33,0,0,,,,,
DRI,.SPX,8,-281.77,37.5,0.155,,,,28/07,
DTE,.SPX,9,-169.938,22.222,0.153,,,,,
DUK,.SPX,10,-79.89,30,0.62,,,,,
DVA,.SPX,6,37.09,50,1.323,,16/01,,02/08,104.82
DVN,.SPX,8,235.18,25,2.602,12/10,03/08,30/09,,46.75
DXC,.SPX,12,-387.43,16.667,0.329,,,,,
DXCM,.SPX.NDX,16,224.518,31.25,1.632,21/10,23/07,,11/08,85.97
EA,.SPX.NDX,9,-159.43,11.111,0.158,,,,,
EBAY,.SPX.NDX,13,-284.17,15.385,0.118,,,,,
ECL,.SPX,9,119.41,44.444,3.809,03/11,29/07,04/12,09/08,191.44
ED,.SPX,7,1.29,42.857,1.029,,,,,
EFX,.SPX,11,-28.4,36.364,0.848,,,,,
EIX,.SPX,9,-117.67,33.333,0.448,,,,,
EL,.SPX,17,-35.62,23.529,0.894,,,,,
EMN,.SPX,14,247.07,50,3.253,31/10,01/08,04/12,11/08,84.88
EMR,.SPX,11,0.87,36.364,1.007,07/11,,08/11,,84.94
ENPH,.SPX.NDX,10,339.09,30,2.032,,05/01,,,115.39
EOG,.SPX,9,-174.42,22.222,0.509,,,,,
EQIX,.SPX,11,-190.54,9.091,0.147,,,,,
EQR,.SPX,14,-28.5,21.429,0.88,,,,,
ES,.SPX,12,138.07,41.667,2.606,11/10,28/07,13/10,24/08,54.56
ESS,.SPX,13,-236.19,23.077,0.102,,,,,
ETN,.SPX,6,-130.2,16.667,0.007,,,,,
ETR,.SPX,10,123.65,40,1.899,,,,,
ETSY,.SPX,8,-158.77,25,0.689,,,,,
EVRG,.SPX,13,296.31,30.769,3.573,,18/12,19/10,28/12,52.24
EW,.SPX,13,-48.96,15.385,0.846,,,,,
EXC,.SPX.NDX,13,63.964,38.462,1.358,28/12,29/07,11/01,23/08,36.21
EXPD,.SPX,8,-100.17,25,0.155,,,,,
EXPE,.SPX,9,190.02,33.333,1.749,04/11,,,,112.71
EXR,.SPX,18,207.1,27.778,2.011,12/10,,18/12,,151.61
F,.SPX,9,-170.37,22.222,0.136,,,,,
FANG,.SPX.NDX,11,-86.52,45.455,0.83,,,,,
FAST,.SPX.NDX,12,16.37,33.333,1.075,,,30/09,,54.64
FCX,.SPX,5,-262.57,0,0,,,,,
FDX,.SPX,11,16.73,9.091,1.065,02/11,20/12,04/10,19/01,246.53
FE,.SPX,15,79.98,33.333,1.558,,29/07,,12/08,36.87
FFIV,.SPX,9,-183.85,22.222,0.228,,,,,
FIS,.SPX,10,2.8,20,1.023,31/08,,06/09,,55.64
FITB,.SPX,9,-321.91,11.111,0.008,,,,,
FLT,.SPX,9,-257.3,11.111,0.034,,,,,
FMC,.SPX,13,-54.04,30.769,0.751,,,,,
FOX,.SPX,11,-161.79,18.182,0.236,,,,,
FOXA,.SPX,10,-13.37,40,0.9,,,,,
FRT,.SPX,11,-413.9,27.273,0.07,,,,,
FTNT,.SPX.NDX,8,-118.44,25,0.634,,,,,
FTV,.SPX,9,-156.051,11.111,0.387,,,,,
GD,.SPX,11,1.28,45.455,1.015,,05/01,,13/01,254.81
GE,.SPX,9,37.889,33.333,1.139,,,,,
GILD,.SPX.NDX,8,129.99,62.5,5.49,30/11,,18/12,,79.5
GIS,.SPX,7,189.88,71.429,11.888,12/10,,13/10,,61.53
GL,.SPX,14,77.58,21.429,1.301,,29/07,,03/08,113.43
GLW,.SPX,7,-355.77,14.286,0.044,,,,,
GM,.SPX,13,-479.33,7.692,0.064,,,,,
GNRC,.SPX,11,-582.4,9.091,0.044,,,,,
GOOG,.SPX.NDX,9,99.813,44.444,1.968,,02/01,,08/01,140.53
GOOGL,.SPX.NDX,8,263.024,75,6.32,,02/01,,08/01,138.84
GPC,.SPX,14,-53.37,35.714,0.809,,,,,
GPN,.SPX,11,48.73,27.273,1.202,,,,02/08,120.75
GRMN,.SPX,6,-136.25,16.667,0.005,,,,,
GS,.DJI.SPX,10,46.52,40,1.336,03/11,,05/12,,341.75
GWW,.SPX,13,-272.78,15.385,0.191,,,,,
HAL,.SPX,15,181.91,26.667,1.807,,22/09,,28/09,42.03
HAS,.SPX,9,-51.38,11.111,0.574,,,,,
HBAN,.SPX,12,-448.65,16.667,0.055,,,,,
HCA,.SPX,9,-145.11,33.333,0.322,,,,,
HD,.DJI.SPX,9,-98.72,22.222,0.397,,,,,
HES,.SPX,10,-322.28,10,0.106,,,,,
HIG,.SPX,12,-113.99,33.333,0.384,,,,,
HII,.SPX,12,-84.44,25,0.698,,,,,
HLT,.SPX,9,7.83,55.556,1.034,,,,,
HOLX,.SPX,14,150.26,42.857,1.987,22/08,08/01,28/11,09/01,72.12
HON,.DJI.SPX.NDX,7,-63.44,14.286,0.094,,,,,
HPE,.SPX,9,-225.92,11.111,0.18,,,,,
HPQ,.SPX,5,-201.35,20,0.169,,,,,
HRL,.SPX,13,52.32,53.846,1.757,01/12,,28/09,,31.32
HSIC,.SPX,11,148.18,45.455,1.736,,,,,
HST,.SPX,11,191.18,54.545,2.121,,,,,
HSY,.SPX,11,-122.57,27.273,0.376,,,,,
HUM,.SPX,12,239.91,50,3.019,,,,,
HWM,.SPX,11,394.67,45.455,2.57,03/11,16/01,29/11,18/01,55.19
IBM,.DJI.SPX,12,290.25,41.667,5.29,30/10,,29/11,,156.41
ICE,.SPX,11,345.79,45.455,3.902,,07/09,,13/09,115.99
IDXX,.SPX.NDX,16,86.63,43.75,1.311,04/11,,29/11,24/08,470.8
IEX,.SPX,9,-17.98,22.222,0.877,,,,,
IFF,.SPX,12,58.04,41.667,1.426,,01/08,,23/08,66.99
ILMN,.SPX.NDX,10,6,40,1.027,,,,,
INCY,.SPX,9,455.73,44.444,3.993,,18/12,,,60.62
INTC,.DJI.SPX.NDX,10,178.26,40,1.979,30/10,16/09,,,35.54
INTU,.SPX.NDX,7,-164.2,28.571,0.274,,,,,
IP,.SPX,8,-119.539,25,0.4,,,,,
IPG,.SPX,14,196.14,50,1.62,,,,,
IQV,.SPX,11,34.6,27.273,1.154,,04/01,,,220.08
IR,.SPX,18,297.68,33.333,1.928,03/11,05/01,29/11,10/01,76.29
IRM,.SPX,11,215.37,54.545,2.427,,05/01,,,66.75
ISRG,.SPX.NDX,10,-211.683,10,0.114,,,,,
IT,.SPX,7,-265.52,14.286,0.021,,,,,
ITW,.SPX,10,-84.86,30,0.629,,,,,
IVZ,.SPX,10,125.82,50,1.841,,,,,
J,.SPX,11,-235.55,9.091,0.124,,,,,
JBHT,.SPX,6,-45.04,16.667,0.553,,,,,
JCI,.SPX,10,-256.14,10,0.023,,,,,
JD,.NDX,10,-354.66,50,0.206,,,,,
JKHY,.SPX,8,8.43,25,1.07,,01/08,14/12,02/08,166.9
JNJ,.DJI.SPX,9,81.02,55.556,2.796,07/11,01/08,12/10,,151.7
JNPR,.SPX,12,-314.36,8.333,0.139,,,,,
JPM,.DJI.SPX,12,77.26,41.667,1.344,,,,,
K,.SPX,5,-31.8,20,0.439,,,,,
KDP,.NDX,9,74.67,33.333,2.228,,18/12,,22/12,32.83
KEY,.SPX,9,-312.42,22.222,0.063,,,,,
KEYS,.SPX,5,60.66,60,1.856,04/11,,,,125.76
KHC,.SPX.NDX,9,-246.795,22.222,0.148,,,,,
KIM,.SPX,8,-104.04,12.5,0.524,,,,,
KLAC,.SPX.NDX,15,-48.72,20,0.908,,,,,
KMB,.SPX,7,67.76,42.857,2.524,,05/12,,,121.45
KMI,.SPX,8,-159.66,12.5,0.348,,,,,
KMX,.SPX,8,297.94,37.5,1.868,,22/12,,,76.52
KO,.DJI.SPX,9,-181.48,11.111,0.047,,,,,
KR,.SPX,8,74.48,62.5,1.766,,,,,
L,.SPX,13,-64.54,15.385,0.746,,,,,
LCID,.NDX,9,23.84,22.222,1.084,,,,,
LDOS,.SPX,10,341.1,60,5.473,,,,,
LEN,.SPX,14,-587.84,21.429,0.068,,,,,
LH,.SPX,7,-155.241,14.286,0.051,,,,,
LHX,.SPX,10,196,50,6.532,10/10,28/07,29/09,,180.21
LIN,.SPX,10,74.16,30,1.426,,05/08,,26/08,381.59
LKQ,.SPX,7,-175.04,14.286,0.206,,,,,
LLY,.SPX,8,-8.39,12.5,0.939,,,,,
LMT,.SPX,11,61.46,18.182,1.654,11/10,,07/11,,451.16
LNC,.SPX,10,221.08,30,1.837,,,06/09,,25.34
LNT,.SPX,6,-47.36,16.667,0.153,,,,,
LOW,.SPX,11,37.73,54.545,1.231,,04/01,,10/01,220.21
LRCX,.SPX.NDX,14,76.48,21.429,1.133,,03/01,,11/01,760.2
LULU,.NDX,15,463.17,60,2.69,,,,04/08,384
LUV,.SPX,12,236.33,41.667,1.747,,,,,
LVS,.SPX,8,116.67,50,1.543,01/09,10/01,06/09,,49.29
LW,.SPX,5,-0.54,20,0.997,,,,,
LYB,.SPX,13,-147.3,38.462,0.571,,,,,
LYV,.SPX,8,-132.64,25,0.431,,,,,
MA,.SPX,7,-225.31,14.286,0,,,,,
MAA,.SPX,11,40.26,36.364,1.165,07/11,,08/11,,119.59
MAR,.SPX.NDX,12,162.25,25,1.655,29/09,,28/11,,207.51
MAS,.SPX,9,-208.22,33.333,0.297,,,,,
MCD,.DJI.SPX,11,27.44,36.364,1.165,,,01/09,,281.15
MCHP,.SPX.NDX,15,-119.995,33.333,0.715,,,,,
MCK,.SPX,8,-85.5,12.5,0.403,,,,,
MCO,.SPX,12,-186.24,25,0.227,,,,,
MDLZ,.SPX.NDX,10,74.65,30,1.64,,10/01,,17/01,73.3
MDT,.SPX,9,-243.57,11.111,0.095,,,,,
MELI,.NDX,14,-1071.17,0,0,,,,,
MET,.SPX,10,-230.38,10,0.218,,,,,
META,.NDX,5,-178.25,20,0.174,,,,,
MGM,.SPX,7,-167.85,14.286,0.01,,,,,
MHK,.SPX,9,-357.89,11.111,0.077,,,,,
MKC,.SPX,12,257.865,66.667,2.292,,15/12,,27/12,68.21
MKTX,.SPX,12,147.97,41.667,1.991,19/08,,25/08,,245.3
MLM,.SPX,14,-325.64,21.429,0.374,,,,,
MMC,.SPX,12,-189.19,8.333,0.099,,,,,
MMM,.DJI.SPX,6,186.41,50,6.275,,05/08,,29/08,104.12
MNST,.SPX.NDX,10,-151.885,20,0.042,,,,,
MO,.SPX,12,101.13,41.667,1.923,10/10,,20/10,,42.61
MOH,,12,198.34,41.667,2.063,,19/01,,02/01,365.51
MOS,.SPX,13,-278.93,30.769,0.483,,,,,
MPC,.SPX,11,-151.29,9.091,0.506,,,,,
MPWR,.SPX,13,48.5,38.462,1.147,,03/01,,16/01,596.41
MRK,.DJI.SPX,9,169.535,44.444,3.177,10/10,,19/10,,101.99
MRNA,.SPX.NDX,13,265.07,30.769,1.821,22/08,,06/09,,109.36
MRO,.SPX,7,-41.37,28.571,0.853,,,,,
MRVL,.NDX,11,-148.77,36.364,0.532,,,,,
MS,.SPX,10,222.96,20,2.118,,29/07,,,
MSCI,.SPX,8,-213.4,0,0,,,,,
MSFT,.DJI.SPX.NDX,14,111.38,50,1.906,,,,,
MSI,.SPX,11,-119.63,18.182,0.479,,,,,
MTB,.SPX,12,131.34,33.333,1.63,03/11,20/12,23/09,02/01,139.03
MTCH,.SPX,16,113.105,31.25,1.216,,11/01,08/12,01/08,37.64
MTD,.SPX,15,-325.65,20,0.344,,,,,
MU,.SPX.NDX,14,-150.86,21.429,0.624,,,,,
NCLH,.SPX,11,-128.05,27.273,0.713,,,,,
NDAQ,.SPX,8,-181.933,12.5,0.105,,,,,
NEE,.SPX,13,3.05,30.769,1.013,14/10,15/12,20/10,28/12,61.02
NEM,.SPX,9,-130.7,33.333,0.616,,,,,
NFLX,.SPX.NDX,12,-184.41,25,0.297,,,,,
NI,.SPX,7,-90.09,0,0,,,,,
NKE,.DJI.SPX,11,5.15,36.364,1.031,30/08,22/12,,11/01,105.9
NOC,.SPX,4,8.11,25,1.197,23/08,,26/08,,429.56
NOW,.SPX,7,-228.22,0,0,,,,,
NRG,.SPX,12,108.61,50,2.915,,21/09,,26/09,39.19
NSC,.SPX,11,-25.02,18.182,0.895,,,,,
NTAP,.SPX,8,-105.56,25,0.605,,,,,
NTRS,.SPX,10,48.66,50,1.488,02/11,09/08,06/12,11/08,80.67
NUE,.SPX,11,156.36,36.364,1.562,31/10,08/01,04/12,13/12,172.75
NVDA,.SPX.NDX,8,18.927,25,1.067,02/11,20/12,,26/12,492.79
NVR,.SPX,11,0,0,,,,,,
NWL,.SPX,11,-93.69,27.273,0.739,,,,,
NWS,.SPX,11,144.06,9.091,1.788,,06/12,,11/12,23.1
NWSA,.SPX,8,226.58,25,3.959,,05/12,,11/12,22.07
NXPI,.SPX.NDX,12,-291.74,8.333,0.263,,,,,
O,.SPX,7,-3.421,42.857,0.955,,,,,
ODFL,.SPX.NDX,13,-169.077,46.154,0.315,,,,,
OGN,.SPX,5,101.86,60,8.884,,04/08,,08/08,21.8
OKE,.SPX,16,-41.82,31.25,0.891,,,,,
OMC,.SPX,11,-137.23,18.182,0.37,,,,,
ORCL,.SPX,9,-279.66,22.222,0.115,,,,,
ORLY,.SPX.NDX,8,-79.7,12.5,0.517,,,,,
OTIS,.SPX,6,-8.22,50,0.894,,,,,
OXY,.SPX,8,624.45,50,5.575,15/12,20/09,04/01,28/09,59.12
PANW,.NDX,10,783.86,80,18.388,22/08,21/10,,02/11,244.86
PAYC,.SPX,13,131.94,30.769,1.553,,04/01,,08/01,204.14
PAYX,.SPX.NDX,15,34.47,40,1.18,30/09,22/12,21/10,17/01,120.11
PCAR,.SPX.NDX,6,42.353,33.333,1.421,,,,24/08,85.65
PDD,.NDX,9,-130.1,33.333,0.49,,,,,
PEAK,.SPX,9,-85.73,55.556,0.625,,,,,
PEG,.SPX,11,88.3,36.364,1.912,05/10,28/07,,13/12,64.52
PEP,.SPX.NDX,10,142.49,50,3.614,30/08,01/08,01/09,24/08,177.92
PFE,.SPX,10,91.688,30,1.356,19/12,,10/01,,28.99
PFG,.SPX,15,-372.24,26.667,0.226,,,,,
PG,.DJI.SPX,10,288.17,70,10.128,18/10,,30/10,,147.16
PGR,.SPX,10,37.05,30,1.257,,,,,
PH,.SPX,10,-13.72,50,0.927,,,,,
PHM,.SPX,13,-196.94,46.154,0.333,,,,,
PKG,.SPX,9,-279.59,11.111,0.135,,,,,
PLD,.SPX,13,91.38,53.846,1.651,07/11,,15/12,,134.26
PM,.SPX,13,120.2,30.769,2,26/08,04/12,04/12,,92.93
PNC,.SPX,11,217.26,54.545,3.009,03/11,,05/12,,138.66
PNR,.SPX,17,-233.37,29.412,0.335,,,,,
PNW,.SPX,5,-37.36,20,0.693,,,,,
POOL,.SPX,13,-112.17,38.462,0.589,,,,,
PPG,.SPX,15,159.96,46.667,1.676,04/11,,04/12,19/08,143.15
PPL,.SPX,9,-74.66,33.333,0.673,,,,,
PRU,.SPX,9,33.68,55.556,1.336,01/11,23/09,,10/10,91.44
PSA,.SPX,10,220.57,40,3.069,04/11,,19/10,,253.26
PSX,.SPX,17,389.78,41.176,2.145,,08/12,,13/12,127.16
PTC,.SPX,15,-93.38,26.667,0.786,,,,,
PWR,.SPX,15,-337.88,20,0.208,,,,,
PXD,.SPX,9,-270.77,11.111,0.019,,,,,
PYPL,.SPX.NDX,10,-152.53,40,0.357,,,,,
QCOM,.SPX.NDX,14,-112.35,14.286,0.68,,,,,
QRVO,.SPX,18,-708.26,5.556,0.068,,,,,
RCL,.SPX,9,246.85,22.222,2.629,30/08,04/01,,18/01,125.28
REG,.SPX,14,-395.97,35.714,0.158,,,,,
REGN,.SPX.NDX,11,0.39,27.273,1.002,,19/12,,27/12,874.37
RF,.SPX,10,-48.02,40,0.799,,,,,
RHI,.SPX,9,-25.34,22.222,0.779,,,,,
RJF,.SPX,9,-132.466,11.111,0.603,,,,,
RL,.SPX,8,24.45,25,1.133,,,04/10,,112.33
RMD,.SPX,8,17.75,50,1.116,,,,,
ROK,.SPX,11,-310.97,9.091,0.042,,,,,
ROL,.SPX,9,-76.343,22.222,0.492,,,,,
ROP,.SPX,9,-82.46,22.222,0.461,,,,,
ROST,.SPX.NDX,10,11.2,30,1.051,,05/08,,11/08,113.88
RSG,.SPX,11,-39.15,18.182,0.716,,,,,
RTX,.SPX,10,-223.217,20,0.245,,,,,
SBAC,.SPX,11,48.77,45.455,1.267,15/09,,19/10,,194.76
SBUX,.SPX.NDX,10,-48.65,40,0.665,,,,,
SCHW,.SPX,8,-36.61,25,0.784,,,,,
SEE,.SPX,9,103.22,33.333,1.673,,,,,
SGEN,.NDX,13,153.86,38.462,1.602,,,,04/11,215
SHW,.SPX,4,-97.073,0,0,,,,,
SIRI,.NDX,12,-75.15,33.333,0.747,,,,,
SJM,.SPX,11,-112.26,27.273,0.398,,,,,
SLB,.SPX,13,339.73,38.462,2.329,15/12,21/09,04/01,28/09,51.69
SNA,.SPX,5,-100.28,0,0,,,,,
SNPS,.SPX.NDX,11,141.29,27.273,1.649,,20/10,,01/11,469.44
SO,.SPX,7,-88.59,14.286,0.108,,,,,
SPG,.SPX,15,109.92,33.333,1.404,12/10,08/08,20/10,30/08,106.5
SPGI,.SPX,15,-145.39,20,0.57,,,,,
SRE,.SPX,12,-13.04,41.667,0.952,,,,,
STE,.SPX,10,-92.6,30,0.475,,,,,
STT,.SPX,7,107.29,28.571,1.649,03/11,,05/12,,73.22
STX,.SPX,12,-323.24,8.333,0.073,,,,,
STZ,.SPX,11,26.62,45.455,1.129,,,,,
SWK,.SPX,9,-137.03,44.444,0.367,,,,,
SWKS,.SPX,14,-519.97,14.286,0.046,,,,,
SYF,.SPX,12,71.7,33.333,1.321,12/10,,14/10,,28.87
SYK,.SPX,12,-245.6,25,0.328,,,,,
SYY,.SPX,13,-480.78,15.385,0.055,,,,,
T,.SPX,12,324.294,33.333,3.365,,,,,
TAP,.SPX,12,-129.1,33.333,0.514,,,,,
TDG,.SPX,10,-206.3,20,0.084,,,,,
TDY,.SPX,13,179.49,46.154,2.651,,09/09,,15/09,415.72
TEAM,.NDX,12,-2.05,41.667,0.994,,,,,
TECH,.SPX,16,-223.975,25,0.475,,,,,
TEL,.SPX,6,-243.71,0,0,,,,,
TER,.SPX,13,-353.21,15.385,0.261,,,,,
TFC,.SPX,9,-132.45,22.222,0.566,,,,,
TFX,.SPX,17,120.15,35.294,1.434,03/11,,05/12,,227.56
TGT,.SPX,11,-354.48,0,0,,,,,
TJX,.SPX,11,-171.15,27.273,0.373,,,,,
TMO,.SPX,14,-161.03,28.571,0.588,,,,,
TMUS,.SPX.NDX,13,-44.95,23.077,0.828,,,,,
TPR,.SPX,5,-221.43,0,0,,,,,
TRMB,.SPX,12,250.63,25,2.261,30/09,,06/10,,51.4
TROW,.SPX,14,-158.83,28.571,0.56,,,,,
TRV,.DJI.SPX,8,25.57,25,1.197,,,,,
TSCO,.SPX,10,11.38,50,1.111,,,,,
TSLA,.SPX.NDX,11,-229.083,18.182,0.498,,,,,
TSN,.SPX,12,-118.74,33.333,0.506,,,,,
TT,.SPX,13,-112.136,30.769,0.547,,,,,
TTWO,.SPX,9,-15.31,33.333,0.94,,,,,
TXN,.SPX.NDX,13,-353.02,0,0,,,,,
TXT,.SPX,17,10.04,23.529,1.023,,,,29/08,76.26
TYL,.SPX,14,-94.79,28.571,0.631,,,,,
UAL,.SPX,10,988.49,50,5.72,,,18/12,,42.33
UDR,.SPX,13,-300.3,15.385,0.141,,,,,
UHS,.SPX,11,-165.71,18.182,0.331,,,,,
ULTA,.SPX,9,525.16,66.667,3.876,,,,,
UNH,.DJI.SPX,6,8.34,33.333,1.085,,,,01/11,535.56
UNP,.SPX,10,150.38,30,2.201,15/09,,19/10,,205.92
UPS,.SPX,9,26.61,44.444,1.217,04/11,,,,142.86
URI,.SPX,17,-544.79,23.529,0.206,,,,,
USB,.SPX,11,-320.56,9.091,0.023,,,,,
V,.DJI.SPX,10,-145.4,40,0.4,,,,,
VFC,.SPX,7,-201.82,28.571,0.262,,,,,
VLO,.SPX,13,30.98,38.462,1.109,18/10,,,,130.72
VMC,.SPX,14,-152.92,35.714,0.567,,,,,
VRSK,.SPX.NDX,10,-110.53,40,0.153,,,,,
VRSN,.SPX,12,381.22,41.667,3.258,13/01,,04/10,,204.18
VRTX,.SPX.NDX,12,39.59,41.667,1.449,,21/10,,03/08,361.86
VTR,.SPX,13,26.65,23.077,1.058,11/10,,,,41.94
VTRS,.SPX,6,35.93,16.667,1.235,,,,,
VZ,.DJI.SPX,7,-86.81,14.286,0.046,,,,,
WAB,.SPX,7,-87.43,42.857,0.356,,,,,
WAT,.SPX,13,348.77,46.154,2.704,,05/01,,19/01,312.45
WBA,.DJI.SPX.NDX,5,-50.06,40,0.487,,,,,
WBD,.NDX,14,450.39,35.714,2.145,,,,,
WDAY,.NDX,16,63.6,31.25,1.201,,04/08,05/12,16/08,267.76
WDC,.SPX,12,234.82,50,1.736,,04/01,,16/01,52.23
WEC,.SPX,9,-32.93,33.333,0.824,,,,,
WELL,.SPX,7,-87.59,28.571,0.635,,,,,
WFC,.SPX,8,113.8,37.5,1.809,11/10,,21/10,,40.27
WHR,.SPX,8,-187.89,25,0.13,,,,,
WM,.SPX,8,-66.35,25,0.374,,,,,
WMB,.SPX,12,429.66,41.667,3.425,,06/12,,22/12,35.14
WMT,.DJI.SPX,11,33.94,45.455,1.243,,17/11,,08/08,156.04
WRB,.SPX,13,85.6,23.077,1.471,,28/09,,06/10,64.23
WRK,.SPX,6,-14.29,16.667,0.897,,,,,
WST,.SPX,9,139.65,33.333,1.955,08/11,18/08,29/11,,348.92
WY,.SPX,5,-189.18,0,0,,,,,
WYNN,.SPX,10,-227.76,30,0.51,,,,,
XEL,.SPX.NDX,8,-58.75,25,0.613,,,,,
XOM,.SPX,8,103.4,37.5,1.976,18/12,17/08,28/12,,100.19
XRAY,.SPX,10,15.74,40,1.124,,,,,
XYL,.SPX,8,-203.58,37.5,0.145,,,,,
YUM,.SPX,11,-57.52,36.364,0.747,,,,,
ZBH,.SPX,15,289.821,46.667,2.001,,,,,
ZBRA,.SPX,9,-252.81,0,0,,,,,
ZION,.SPX,16,61.93,25,1.169,03/11,,,,33.23
ZM,.NDX,10,-463.41,20,0.256,,,,,
ZS,.NDX,13,441.51,38.462,2.222,,04/01,,08/01,218.1
ZTS,.SPX,13,-54.03,30.769,0.816,,,,,
QQQ,ETF,11,-135.88,27.273,0.344,,,,,
VOO,ETF,14,-137.9,21.429,0.257,,,,,
DIA,ETF,13,-80.68,23.077,0.494,,,,,